Object full path in v4, Object full path in v5
pymodaq.control_modules.daq_move_ui.ThreadCommand, pymodaq_utils.utils.ThreadCommand
pymodaq.resources.QtDesigner_Ressources.QtDesigner_ressources_rc, pymodaq_gui.QtDesigner_Ressources.QtDesigner_ressources_rc
pymodaq.utils.abstract.ABCMeta, pymodaq_utils.abstract.ABCMeta
pymodaq.utils.abstract.abstract_attribute, pymodaq_utils.abstract.abstract_attribute
pymodaq.utils.abstract.abstractmethod, pymodaq_utils.abstract.abstractmethod
pymodaq.utils.config, pymodaq_utils.config
pymodaq.utils.config.BaseConfig, pymodaq_utils.config.BaseConfig
pymodaq.utils.config.Config, pymodaq_utils.config.Config
pymodaq.utils.config.get_set_config_dir, pymodaq_utils.config.get_set_config_dir
pymodaq.utils.config.get_set_local_dir, pymodaq_utils.config.get_set_local_dir
pymodaq.utils.config.get_set_roi_path, pymodaq_gui.config.get_set_roi_path
pymodaq.utils.daq_utils, pymodaq_utils.utils
pymodaq.utils.daq_utils.capitalize, pymodaq_utils.utils.capitalize
pymodaq.utils.daq_utils.find_dict_in_list_from_key_val, pymodaq_utils.utils.find_dict_in_list_from_key_val
pymodaq.utils.daq_utils.find_keys_from_val, pymodaq_utils.utils.find_keys_from_val
pymodaq.utils.daq_utils.get_entrypoints, pymodaq_utils.utils.get_entrypoints
pymodaq.utils.daq_utils.get_version, pymodaq_utils.utils.get_version
pymodaq.utils.daq_utils.getLineInfo, pymodaq_utils.utils.getLineInfo
pymodaq.utils.daq_utils.ThreadCommand, pymodaq_utils.utils.ThreadCommand
pymodaq.utils.data, pymodaq_data.data
pymodaq.utils.data.Axis, pymodaq_data.data.Axis
pymodaq.utils.data.DataCalculated, pymodaq_data.data.DataCalculated
pymodaq.utils.data.DataDim, pymodaq_data.data.DataDim
pymodaq.utils.data.DataDistribution, pymodaq_data.data.DataDistribution
pymodaq.utils.data.DataRaw, pymodaq_data.data.DataRaw
pymodaq.utils.data.DataToExport, pymodaq_data.data.DataToExport
pymodaq.utils.data.DataUnitError, pymodaq_data.data.DataUnitError
pymodaq.utils.data.DataWithAxes, pymodaq_data.data.DataWithAxes
pymodaq.utils.data.DwaType, pymodaq_data.data.DwaType
pymodaq.utils.data.enum_checker, pymodaq_data.data.enum_checker
pymodaq.utils.data.Unit, pymodaq_data.Unit
pymodaq.utils.enums.BaseEnum, pymodaq_utils.enums.BaseEnum
pymodaq.utils.enums.enum_checker, pymodaq_data.data.enum_checker
pymodaq.utils.factory.ObjectFactory, pymodaq_utils.factory.ObjectFactory
pymodaq.utils.gui_utils.custom_app.CustomApp, pymodaq_gui.utils.CustomApp
pymodaq.utils.gui_utils.CustomApp, pymodaq_gui.utils.CustomApp
pymodaq.utils.gui_utils.Dock, pymodaq_gui.utils.Dock
pymodaq.utils.gui_utils.dock.Dock, pymodaq_gui.utils.Dock
pymodaq.utils.gui_utils.dock.DockArea, pymodaq_gui.utils.DockArea
pymodaq.utils.gui_utils.DockArea, pymodaq_gui.utils.DockArea
pymodaq.utils.gui_utils.file_io.select_file, pymodaq_gui.utils.select_file
pymodaq.utils.gui_utils.get_splash_sc, pymodaq_gui.utils.splash.get_splash_sc
pymodaq.utils.gui_utils.layout, pymodaq_gui.utils.layout
pymodaq.utils.gui_utils.QLED, pymodaq_gui.utils.QLED
pymodaq.utils.gui_utils.select_file, pymodaq_gui.utils.select_file
pymodaq.utils.gui_utils.utils.dashboard_submodules_params, pymodaq_gui.h5modules.saving.dashboard_submodules_params
pymodaq.utils.gui_utils.utils.mkQApp, pymodaq_gui.utils.utils.mkQApp
pymodaq.utils.gui_utils.widgets.label.LabelWithFont, pymodaq_gui.utils.widgets.LabelWithFont
pymodaq.utils.gui_utils.widgets.LabelWithFont, pymodaq_gui.utils.widgets.LabelWithFont
pymodaq.utils.gui_utils.widgets.lcd.LCD, pymodaq_gui.utils.widgets.lcd.LCD
pymodaq.utils.gui_utils.widgets.PushButtonIcon, pymodaq_gui.utils.widgets.PushButtonIcon
pymodaq.utils.gui_utils.widgets.QLED, pymodaq_gui.utils.QLED
pymodaq.utils.gui_utils.widgets.QSpinBox_ro, pymodaq_gui.utils.widgets.QSpinBox_ro
pymodaq.utils.gui_utils.widgets.SpinBox, pymodaq_gui.utils.widgets.SpinBox
pymodaq.utils.gui_utils.widgets.spinbox.QSpinBox_ro, pymodaq_gui.utils.widgets.QSpinBox_ro
pymodaq.utils.gui_utils.widgets.spinbox.SpinBox, pymodaq_gui.utils.widgets.SpinBox
pymodaq.utils.gui_utils.widgets.tree_toml.TreeFromToml, pymodaq_gui.utils.widgets.tree_toml.TreeFromToml
pymodaq.utils.h5modules.backends.Node, pymodaq_data.h5modules.backends.Node
pymodaq.utils.h5modules.browsing.browse_data, pymodaq_gui.h5modules.browsing.browse_data
pymodaq.utils.h5modules.browsing.H5Browser, pymodaq_gui.h5modules.browsing.H5Browser
pymodaq.utils.h5modules.data_saving, pymodaq_data.h5modules.data_saving
pymodaq.utils.h5modules.data_saving.DataEnlargeableSaver, pymodaq_data.h5modules.data_saving.DataEnlargeableSaver
pymodaq.utils.h5modules.data_saving.DataLoader, pymodaq_data.h5modules.data_saving.DataLoader
pymodaq.utils.h5modules.H5Browser, pymodaq_gui.h5modules.browsing.H5Browser
pymodaq.utils.h5modules.H5Saver, pymodaq_gui.h5modules.saving.H5Saver
pymodaq.utils.h5modules.saving, pymodaq_gui.h5modules.saving
pymodaq.utils.h5modules.saving.H5Saver, pymodaq_gui.h5modules.saving.H5Saver
pymodaq.utils.logger, pymodaq_utils.logger
pymodaq.utils.logger.get_base_logger, pymodaq_utils.logger.get_base_logger
pymodaq.utils.logger.get_module_name, pymodaq_utils.logger.get_module_name
pymodaq.utils.logger.set_logger, pymodaq_utils.logger.set_logger
pymodaq.utils.managers.parameter_manager.Parameter, pymodaq_gui.parameter.Parameter
pymodaq.utils.managers.parameter_manager.ParameterManager, pymodaq_gui.managers.parameter_manager.ParameterManager
pymodaq.utils.managers.parameter_manager.ParameterTree, pymodaq_gui.parameter.ParameterTree
pymodaq.utils.managers.roi_manager.ROISaver, pymodaq_gui.managers.roi_manager.ROISaver
pymodaq.utils.math_utils, pymodaq_utils.math_utils
pymodaq.utils.math_utils, pymodaq_utils.math_utils
pymodaq.utils.messenger, pymodaq_gui.messenger
pymodaq.utils.messenger.deprecation_msg, pymodaq_utils.warnings.deprecation_msg
pymodaq.utils.messenger.dialog, pymodaq_gui.messenger.dialog
pymodaq.utils.messenger.messagebox, pymodaq_gui.messenger.messagebox
pymodaq.utils.parameter.ioxml, pymodaq_gui.parameter.ioxml
pymodaq.utils.parameter.ioxml, pymodaq_gui.parameter.ioxml
pymodaq.utils.parameter.Parameter, pymodaq_gui.parameter.Parameter
pymodaq.utils.parameter.ParameterTree, pymodaq_gui.parameter.ParameterTree
pymodaq.utils.parameter.pymodaq_ptypes.led.QLED, pymodaq_gui.utils.QLED
pymodaq.utils.parameter.pymodaq_ptypes.tableview.TableViewCustom, pymodaq_gui.parameter.pymodaq_ptypes.TableViewCustom
pymodaq.utils.parameter.pymodaq_ptypes.TableViewCustom, pymodaq_gui.parameter.pymodaq_ptypes.TableViewCustom
pymodaq.utils.parameter.utils, pymodaq_gui.utils
pymodaq.utils.parameter.utils, pymodaq_utils.utils
pymodaq.utils.plotting.data_viewers.base.ViewerBase, pymodaq_gui.plotting.data_viewers.viewer.ViewerBase
pymodaq.utils.plotting.data_viewers.base.ViewersEnum, pymodaq_gui.plotting.data_viewers.ViewersEnum
pymodaq.utils.plotting.data_viewers.viewer.ViewerBase, pymodaq_gui.plotting.data_viewers.viewer.ViewerBase
pymodaq.utils.plotting.data_viewers.viewer.ViewerDispatcher, pymodaq_gui.plotting.data_viewers.viewer.ViewerDispatcher
pymodaq.utils.plotting.data_viewers.viewer.ViewerFactory, pymodaq_gui.plotting.data_viewers.viewer.ViewerFactory
pymodaq.utils.plotting.data_viewers.viewer.ViewersEnum, pymodaq_gui.plotting.data_viewers.ViewersEnum
pymodaq.utils.plotting.data_viewers.Viewer0D, pymodaq_gui.plotting.data_viewers.viewer0D.Viewer0D
pymodaq.utils.plotting.data_viewers.viewer0D.Viewer0D, pymodaq_gui.plotting.data_viewers.viewer0D.Viewer0D
pymodaq.utils.plotting.data_viewers.Viewer1D, pymodaq_gui.plotting.data_viewers.Viewer1D
pymodaq.utils.plotting.data_viewers.viewer1D.Viewer1D, pymodaq_gui.plotting.data_viewers.Viewer1D
pymodaq.utils.plotting.data_viewers.Viewer2D, pymodaq_gui.plotting.data_viewers.Viewer2D
pymodaq.utils.plotting.data_viewers.viewer2D.Viewer2D, pymodaq_gui.plotting.data_viewers.Viewer2D
pymodaq.utils.plotting.data_viewers.ViewerDispatcher, pymodaq_gui.plotting.data_viewers.viewer.ViewerDispatcher
pymodaq.utils.plotting.data_viewers.ViewerND, pymodaq_gui.plotting.data_viewers.ViewerND
pymodaq.utils.plotting.data_viewers.viewerND.ViewerND, pymodaq_gui.plotting.data_viewers.ViewerND
pymodaq.utils.plotting.data_viewers.ViewersEnum, pymodaq_gui.plotting.data_viewers.ViewersEnum
pymodaq.utils.plotting.navigator.Navigator, pymodaq_gui.plotting.navigator.Navigator
pymodaq.utils.plotting.utils.filter.FourierFilterer, pymodaq_gui.plotting.utils.filter.FourierFilterer
pymodaq.utils.plotting.utils.plot_utils.get_sub_segmented_positions, pymodaq_gui.plotting.utils.plot_utils.get_sub_segmented_positions
pymodaq.utils.plotting.utils.plot_utils.Point, pymodaq_gui.plotting.utils.plot_utils.Point
pymodaq.utils.plotting.utils.plot_utils.QVector, pymodaq_gui.plotting.utils.plot_utils.QVector
pymodaq.utils.tcp_ip.serializer.DataWithAxes, pymodaq_data.data.DataWithAxes
pymodaq.utils.utils, pymodaq_gui.utils
pymodaq_plugin_manager.manager.PluginManager, pymodaq_plugin_manager.manager.PluginManager
pymodaq_plugin_manager.validate.get_pypi_pymodaq, pymodaq_plugin_manager.validate.get_pypi_pymodaq
